{
  "admins": [
    {
      "id": 0,
      "username": "admin",
      "loggedIn": true
    }
  ],
  "accounts": [
    {
      "id": 1,
      "username": "James",
      "items": [],
      "loggedIn": true
    },
    {
      "id": 2,
      "username": "Mike",
      "items": [],
      "loggedIn": false
    },
    {
      "id": 3,
      "username": "Johnford",
      "items": [],
      "loggedIn": false
    },
    {
      "id": 4,
      "username": "Rankor",
      "items": [],
      "loggedIn": false
    }
  ],
  "items": [
    {
      "id": 1,
      "name": "guitar",
      "price": 4,
      "quantity": 1
    },
    {
      "id": 2,
      "name": "drums",
      "price": 7.67,
      "quantity": 1
    }
  ]
}