[ {
  "type" : "User",
  "id" : 1,
  "username" : "admin",
  "permissionLevel" : "Admin",
  "shoppingCart" : { }
}, {
  "type" : "User",
  "id" : 2,
  "username" : "greg",
  "permissionLevel" : "Customer",
  "shoppingCart" : { }
}, {
  "type" : "User",
  "id" : 3,
  "username" : "thelma",
  "permissionLevel" : "Customer",
  "shoppingCart" : { }
}, {
  "type" : "User",
  "id" : 4,
  "username" : "test2",
  "permissionLevel" : "Customer",
  "shoppingCart" : { }
}, {
  "type" : "User",
  "id" : 5,
  "username" : "",
  "permissionLevel" : "Customer",
  "shoppingCart" : { }
}, {
  "type" : "User",
  "id" : 6,
  "username" : "test3",
  "permissionLevel" : "Customer",
  "shoppingCart" : { }
}, {
  "type" : "User",
  "id" : 7,
  "username" : "test4",
  "permissionLevel" : "Customer",
  "shoppingCart" : { }
}, {
  "type" : "User",
  "id" : 8,
  "username" : "wesley",
  "permissionLevel" : "Customer",
  "shoppingCart" : { }
}, {
  "type" : "User",
  "id" : 9,
  "username" : "bertan",
  "permissionLevel" : "Customer",
  "shoppingCart" : { }
}, {
  "type" : "User",
  "id" : 10,
  "username" : "baby",
  "permissionLevel" : "Customer",
  "shoppingCart" : { }
}, {
  "type" : "User",
  "id" : 11,
  "username" : "ryan",
  "permissionLevel" : "Customer",
  "shoppingCart" : { }
}, {
  "type" : "User",
  "id" : 12,
  "username" : "djkfh",
  "permissionLevel" : "Customer",
  "shoppingCart" : { }
}, {
  "type" : "User",
  "id" : 13,
  "username" : "iowrue",
  "permissionLevel" : "Customer",
  "shoppingCart" : { }
}, {
  "type" : "User",
  "id" : 14,
  "username" : "qwertyuiop",
  "permissionLevel" : "Customer",
  "shoppingCart" : { }
}, {
  "type" : "User",
  "id" : 15,
  "username" : "ben",
  "permissionLevel" : "Customer",
  "shoppingCart" : { }
} ]