[ {
  "type" : "Order",
  "id" : 5,
  "uid" : 9,
  "shoppingCart" : [ {
    "type" : "Product",
    "id" : 12345,
    "name" : "piano",
    "price" : 350.0,
    "available" : 0,
    "reserved" : 1
  }, {
    "type" : "Product",
    "id" : 16745,
    "name" : "drumsticks",
    "price" : 7.99,
    "available" : 0,
    "reserved" : 3
  }, {
    "type" : "Product",
    "id" : 34983,
    "name" : "keyboard",
    "price" : 145.0,
    "available" : 0,
    "reserved" : 1
  } ],
  "price" : 518.97
}, {
  "type" : "Order",
  "id" : 6,
  "uid" : 15,
  "shoppingCart" : [ {
    "type" : "Product",
    "id" : 89992,
    "name" : "vintage guitar",
    "price" : 999.99,
    "available" : 0,
    "reserved" : 1
  }, {
    "type" : "Product",
    "id" : 16745,
    "name" : "drumsticks",
    "price" : 7.99,
    "available" : 0,
    "reserved" : 6
  } ],
  "price" : 1047.93
} ]