[ {
  "type" : "ForumThread",
  "id" : 1,
  "info" : {
    "id" : 1,
    "name" : "Cool Guitar",
    "ctime" : 1648709206815
  },
  "posts" : {
    "1648709206812" : {
      "type" : "ForumPost",
      "uid" : 9,
      "ctime" : 1648709206812,
      "etime" : 1648709206812,
      "contents" : "I saw a really cool guitar"
    },
    "1648709268074" : {
      "type" : "ForumPost",
      "uid" : 9,
      "ctime" : 1648709268074,
      "etime" : 1648709268074,
      "contents" : "It was red"
    },
    "1648709300423" : {
      "type" : "ForumPost",
      "uid" : 11,
      "ctime" : 1648709300423,
      "etime" : 1648709300423,
      "contents" : "Wow! That sounds awesome! I'll have to take a look!"
    },
    "1648709332991" : {
      "type" : "ForumPost",
      "uid" : 1,
      "ctime" : 1648709332991,
      "etime" : 1648709332991,
      "contents" : "Thanks for the support!"
    }
  }
}, {
  "type" : "ForumThread",
  "id" : 2,
  "info" : {
    "id" : 2,
    "name" : "Cool Guitar 2",
    "ctime" : 1648709725913
  },
  "posts" : {
    "1648709725911" : {
      "type" : "ForumPost",
      "uid" : 9,
      "ctime" : 1648709725911,
      "etime" : 1648709725911,
      "contents" : "I saw another great guitar today!"
    },
    "1648709754870" : {
      "type" : "ForumPost",
      "uid" : 9,
      "ctime" : 1648709754870,
      "etime" : 1648709770302,
      "contents" : "Actually, it was green :)"
    },
    "1648709810800" : {
      "type" : "ForumPost",
      "uid" : 11,
      "ctime" : 1648709810800,
      "etime" : 1648709810800,
      "contents" : "That sounds cool!"
    },
    "1648709874965" : {
      "type" : "ForumPost",
      "uid" : 1,
      "ctime" : 1648709874965,
      "etime" : 1648709874965,
      "contents" : "Thanks for the positive feedback!"
    }
  }
} ]