[ {
  "type" : "Product",
  "id" : 23123,
  "name" : "keytar",
  "price" : 789.29,
  "available" : 7,
  "reserved" : 0
}, {
  "type" : "Product",
  "id" : 44452,
  "name" : "acoustic guitar",
  "price" : 129.89,
  "available" : 40,
  "reserved" : 0
}, {
  "type" : "Product",
  "id" : 67543,
  "name" : "bass guitar",
  "price" : 200.0,
  "available" : 25,
  "reserved" : 0
}, {
  "type" : "Product",
  "id" : 34983,
  "name" : "keyboard",
  "price" : 145.0,
  "available" : 30,
  "reserved" : 0
}, {
  "type" : "Product",
  "id" : 89993,
  "name" : "China Cymbal",
  "price" : 150.0,
  "available" : 15,
  "reserved" : 0
}, {
  "type" : "Product",
  "id" : 12345,
  "name" : "piano",
  "price" : 350.0,
  "available" : 20,
  "reserved" : 0
}, {
  "type" : "Product",
  "id" : 16745,
  "name" : "drumsticks",
  "price" : 7.99,
  "available" : 85,
  "reserved" : 0
}, {
  "type" : "Product",
  "id" : 89992,
  "name" : "vintage guitar",
  "price" : 999.99,
  "available" : 4,
  "reserved" : 0
} ]